block_id,voter_id,timestamp,source_id
0xc1b5febb9f816558d3b5ac4a9ffe389e,1000,2026-05-12T01:58:19.935504,1
0x1cafb24d049dcd1e7707a22d98e9858f,1001,2026-05-12T01:58:19.935526,1
0x741609f9002bd54a24e5c49cb5af953b,1002,2026-05-12T01:58:19.935531,1
0x5ac206a89ea76855804609cd950fcaf7,1003,2026-05-12T01:58:19.935536,1
0x1b93c134b90c6071b4dc3f495464b753,1004,2026-05-12T01:58:19.935539,1
0x5633a92d35b966c2ba2f1e859e7bdd69,1005,2026-05-12T01:58:19.935543,1
0x8b7b3c1c76e91f88d33c08b3736aa67a,1006,2026-05-12T01:58:19.935545,1
0xe88847e78ccd9fdb54482c7fa15982bf,1007,2026-05-12T01:58:19.935548,1
0x31de5683116b8d79b08fa2d768e33df6,1008,2026-05-12T01:58:19.935553,1
0x493aff9450b0b89b29b367693300b74a,1009,2026-05-12T01:58:19.935556,1
0x3d3a9e2eb4f30c73ea6671464e2a54b5,1010,2026-05-12T01:58:19.935558,1
0x9d78f2e21a0e8d6e5a75ac4e4a939832,1011,2026-05-12T01:58:19.935561,1
0xb6e02e45ca70d110df0019b9fe339c70,1012,2026-05-12T01:58:19.935564,1
0x4d6cc5b8235f826b2c67847b967f8695,1013,2026-05-12T01:58:19.935568,1
0x888134b28b1397ffae87a0ab1e117954,1014,2026-05-12T01:58:19.935570,1
0x36bfb7176e3e8bfebe718035887e4efc,1015,2026-05-12T01:58:19.935573,1
0x7a58987b486424ad79b62aa427dab1df,1016,2026-05-12T01:58:19.935576,1
0xa7b26eafd8fd23d18ca4410ac5359e0e,1017,2026-05-12T01:58:19.935578,1
0xa573badcfa856325a7f6c5597efaaedf,1018,2026-05-12T01:58:19.935581,1
0x95ef042b11da42ac166eeedeb998f688,1019,2026-05-12T01:58:19.935584,1
0x9e3305d0d08ff111955ebd93afd10878,1020,2026-05-12T01:58:19.935586,1
0xb5dae26bebf2908c0e8dd3b8a66868fe,1021,2026-05-12T01:58:19.935589,1
0x94f5bf092e8d98af576ee351987de4f0,1022,2026-05-12T01:58:19.935592,1
0x74d7c78a3a1e33cef2750a2b7b35d2ed,1023,2026-05-12T01:58:19.935595,1
0x7b14d2c2dfc862f67bd2c3471bf87b3f,1024,2026-05-12T01:58:19.935599,1
0x53925f69af584b25346d0c0b3ee74ea1,1025,2026-05-12T01:58:19.935602,1
0x3ac805f6d87af32d44de92b042d51285,1026,2026-05-12T01:58:19.935604,1
0x3e01a7fa47957b2f627d012fe630f5c6,1027,2026-05-12T01:58:19.935607,1
0x53070549816cbd8f006da724de818c2e,1028,2026-05-12T01:58:19.935610,1
0x7a69fb6632f5876efd3160114758a106,1029,2026-05-12T01:58:19.935612,1
0x7d6bbe1829627ce93319dc72963759a2,1030,2026-05-12T01:58:19.935615,1
0x802464714d4d10a819efb803557e9689,1031,2026-05-12T01:58:19.935617,1
0xb3975f01ce8b0eb0c9b11526d9b4c7bf,1032,2026-05-12T01:58:19.935620,1
0x79232c367b45a2128d6a8d7ae0217075,1033,2026-05-12T01:58:19.935623,1
0xcaed1f338455c425853a4f32b00aa739,1034,2026-05-12T01:58:19.935626,1
0x5cb260c13bb77991855d9c76f8d1d4c8,1035,2026-05-12T01:58:19.935629,1
0xd83dadc1d9eb82a4be83885f2efeee52,1036,2026-05-12T01:58:19.935632,1
0x9db18ed28bd6c0256461e303941d7e7a,1037,2026-05-12T01:58:19.935634,1
0x31c8140a2e1dc585c5111b6d2281821d,1038,2026-05-12T01:58:19.935637,1
0x478b4d0990e492511bea1e634e90a7b7,1039,2026-05-12T01:58:19.935639,1
0xf9b0119a4fce7561a213cdc9af189098,1040,2026-05-12T01:58:19.935642,1
0x6f6a564ac5dc1fa713a326239c5c2f5d,1041,2026-05-12T01:58:19.935646,1
0x43c951d8803e4d3c0a4d98e76e8fcc55,1042,2026-05-12T01:58:19.935649,1
0x972fd564a6e3598bb31ccdc27b33ca68,1043,2026-05-12T01:58:19.935651,1
0x0add9c67393c4454d39a78904e0baac0,1044,2026-05-12T01:58:19.935654,1
0xc7f0164139c159e5c4e7786790ae469d,1045,2026-05-12T01:58:19.935658,1
0x363aa18e6c32ff15fa5ec3b09cbefbf6,1046,2026-05-12T01:58:19.935660,1
0x0eef7b353fcd1e431bd36a533e32c19f,1047,2026-05-12T01:58:19.935664,1
0x92409a09f2fd78349ae7c7f2064bf25a,1048,2026-05-12T01:58:19.935666,1
0x07bdd21ab547687f72d1294bbd35ef3e,1049,2026-05-12T01:58:19.935669,1
